{
    "exclude": [
        ".git/**",
        "node_modules/**",
        "bower_components/**"
    ],
    "always-semicolon": true,
    "block-indent": "  ",
    "color-case": "lower",
    "color-shorthand": true,
    "element-case": "lower",
    "eof-newline": true,
    "leading-zero": false,
    "quotes": "double",
    "remove-empty-rulesets": true,
    "space-after-colon": " ",
    "space-after-combinator": " ",
    "space-after-opening-brace": "\n",
    "space-after-selector-delimiter": "\n",
    "space-before-closing-brace": "\n",
    "space-before-colon": "",
    "space-before-combinator": " ",
    "space-before-opening-brace": " ",
    "space-before-selector-delimiter": "",
    "strip-spaces": true,
    "unitless-zero": true,
    "tab-size": 2,
    "vendor-prefix-align": false,
    "sort-order-fallback": "abc",
    "sort-order": [
        [ "$variable" ],
        [ "@extend" ],
        [ "@include" ]
    ]
}
